slope,p-value,R2,slope,p-value,R2,slope,p-value,R2,slope,p-value,R2
-20.392776837848675,0.6381364128720398,0.02298039052820301,2.042383384769098,0.9687136780785458,1.6169444698843402e-4,-10.127146467964895,0.14235788074706004,0.20229989995070455,2.92429897360847,0.6551645743351346,0.020745817472920973
49.66221077688378,0.24275214442302517,0.1335482750477596,81.46267670024402,0.0962557364054444,0.25206899728338394,7.561073042401405,0.2910993429920962,0.11050193078897189,-5.3333897698581385,0.41435871239870214,0.06762000052942058
-7.214258897224636,0.8769664890384294,0.0025162749682394367,0.8304140128474314,0.9880991773342784,2.3387289114794664e-5,-11.167212057422908,0.1287150967807305,0.2152191889041933,-4.713693794374719,0.4977812323720656,0.047160643376530684
