slope,p-value,R2,slope,p-value,R2,slope,p-value,R2,slope,p-value,R2
-20.392776837848675,0.6381364128720398,0.02298039052820301,-20.392776837848675,0.6381364128720398,0.02298039052820301,-20.392776837848675,0.6381364128720398,0.02298039052820301,-20.392776837848675,0.6381364128720398,0.02298039052820301
49.66221077688378,0.24275214442302517,0.1335482750477596,49.66221077688378,0.24275214442302517,0.1335482750477596,49.66221077688378,0.24275214442302517,0.1335482750477596,49.66221077688378,0.24275214442302517,0.1335482750477596
-7.214258897224636,0.8769664890384294,0.0025162749682394367,-7.214258897224636,0.8769664890384294,0.0025162749682394367,-7.214258897224636,0.8769664890384294,0.0025162749682394367,-7.214258897224636,0.8769664890384294,0.0025162749682394367
