"SPEI","CMDA","MAPA","MATA","SPEI","CMDA","MAPA","MATA"
"1",1.3733942344179,0.0877328514461624,1.95006843296051,0.738762599341499,0.265504345241879,1.22620715470157,0.0288605830969573,0.563672232749468
"2",2.22682291174624,0.515266783748302,1.93261418285783,0,0.447183126366326,0,0.660936692844643,0.598464413159945
"3",0,0.368743298676236,0,0.476772524563785,0,0.709382958270908,0,0
"4",1.90179676342723,1.07587395346309,2.509128385027,1.06079273380328,1.33564287877743,1.65519534901568,1.20623453848839,1.72736893920364
"5",0.843175047370096,0,1.31721893131999,1.84676676181334,1.67210588234229,2.460314691848,0.870961337334847,2.28427639751908
