"SPEI","CMDA","MAPA","MATA","SPEI","CMDA","MAPA","MATA"
"1",0,0,1.03997433205222,0.467653242532833,1.00204647180226,1.33479863100638,0.809797542702199,2.2780008256791
"2",0.436872006924204,0.502187704117205,0,0.378416114721404,2.68274518961744,2.87694119469415,2.95567289893097,1.11729911726115
"3",0.917102663242076,0.570833724216754,1.38832166886914,0,0,0,0,0
"4",1.80734043504526,1.25026980511393,2.14940291568109,1.77154675022302,3.23923415745594,3.22887057093749,2.56309321086701,3.76126831164311
"5",2.43587279754502,1.70968127735432,2.29150969138209,2.36407436988065,4.17387481955893,3.87462166211299,4.04659183374815,4.02142443806997
