,SPEI,CMDA,MAPA,MATA
1,30.04116532,32.76258008,5.179926294,80.38423132
2,27.08402138,29.02989693,0.79083983,71.91455096
3,30.77040363,25.32064705,0,78.82320805
4,37.31440478,41.51034776,6.321525464,84.6316612
5,40.79398817,44.61905043,8.423688272,86.67082791