"SPEI","CMDA","MAPA","MATA"
"1",10.5874997901137,10.4412361979994,2.47474203199727,26.3291318392103
"2",10.2641516271851,9.9375755860583,2.14637434513315,26.7860453307821
"3",9.50362554291496,6.11552859149924,0,28.8089509996253
"4",12.9312786753735,12.9181170902139,3.87562513238936,26.9315920846011
"5",13.3625785490394,13.4695236347343,2.46546066880001,27.5740464912169
