"SPEI","CMDA","MAPA","MATA"
"1",8.77118903963128,8.4210685921953,1.07967903313238,25.7173869362005
"2",10.491653920626,8.43679430632619,2.24161612166336,25.3576801754225
"3",8.4980037130581,6.78325241125731,0,24.5356869833668
"4",11.5499184937908,11.3489366913755,3.04337902717361,27.6552083957431
"5",12.7560971871899,12.510542085588,4.15209360308745,29.3053504787022
