"SPEI","CMDA","MAPA","MATA"
"1",19.5143649598394,24.8424847384558,0,84.1706795227583
"2",27.6025749566725,28.8138214971332,2.55847742612605,82.8088581666052
"3",23.4027014948988,27.763291474439,1.64260301155446,77.716130751578
"4",32.3865882401733,35.1043393539876,11.773134234616,91.9575442886016
"5",31.2540867918287,39.4864538507391,9.75089412617308,91.7252555421364
