"SPEI","CMDA","MAPA","MATA"
"1",34.8008245243072,37.5222392796204,9.93958549421586,85.1438905251562
"2",31.8436805832498,33.7895561315345,5.55049903071267,76.6742101650816
"3",35.530062835016,30.0803062525847,4.75965920044473,83.582867249741
"4",42.0740639813084,37.9522407309014,2.76341849812161,89.3913203961019
"5",45.5536473749635,36.1953623970949,0,91.430487107722
