"SPEI","CMDA","MAPA","MATA"
"1",19.5143649598394,84.1706795227583,0,24.8424847384558
"2",27.6025749566725,82.8088581666052,2.55847742612605,28.8138214971332
"3",23.4027014948988,77.716130751578,1.64260301155446,27.763291474439
"4",32.3865882401733,91.9575442886016,11.773134234616,35.1043393539876
"5",31.2540867918287,91.7252555421364,9.75089412617308,39.4864538507391
