"SPEI","CMDA","MAPA","MATA"
"1",13.8581228250732,33.9044205014334,3.81096277250981,18.0917334243568
"2",10.124470791462,27.3075483769162,0,13.3590457787705
"3",15.4096428256962,30.3706737401371,3.00579736105374,14.9474522215351
"4",15.791197982373,37.6538119876295,2.06187617364321,19.5701631044212
"5",16.9031274779409,37.2915362144522,3.406032497659,21.0607063430998
