"SPEI","CMDA","MAPA","MATA"
"1",8.4237855733063,31.2303331868261,0.839153787816031,14.4150615917497
"2",12.910952662598,28.901973688904,2.90947226369826,12.1361162289631
"3",11.0877595000875,25.8017253244834,0,10.6149401750135
"4",13.9665567416378,34.0570162982003,5.66321761695326,16.5787096225249
"5",15.1742416295074,35.359610216763,5.72425767277673,17.8277452126349
