"SPEI","CMDA","MAPA","MATA"
"1",8.36116164910345,9.10993594007959,2.00473152360973,26.7545568198893
"2",7.28149572451184,7.6738661615309,0,27.8980245940857
"3",6.54782596450059,8.34384381966993,1.43797768275545,26.5986863109047
"4",10.0791925069698,10.8570359668156,4.54743167857305,29.3561091820266
"5",8.90153283392465,12.2504137928318,3.86352379085292,28.4516023292763
