"SPEI","CMDA","MAPA","MATA"
"1",5.69823014908889,0.753611349998209,0.223003991407495,26.5851503304875
"2",8.25392615776764,9.33092487449721,0.577998092783673,27.34019148272
"3",8.66016878472419,9.82215987842574,1.77268302830544,29.9765679258462
"4",8.42831658141313,7.05633946178659,1.20801372050937,28.9775738529443
"5",6.88430448393319,9.01519291116074,0,30.1833630976689
