"","Mean","Upper_CI","Lower_CI","dummy"
"North",274.879310344828,324.801990573364,224.956630116291,"a"
"Centre",153.051724137931,180.530455725481,125.572992550381,"b"
"South",98.5172413793103,121.707186364439,75.3272963941819,"c"
