"SPEI","CMDA","MAPA","MATA","SPEI","CMDA","MAPA","MATA"
"1",2.31044722810657,4.53433960950679,3.95700129652414,2.6602812943911,0.19816081990939,0.840419310045945,0.29419107390504,2.11326293508318
"2",2.61263806043098,3.48582027976772,4.98300310045761,2.46903515030772,0,0.417785707054009,1.40875655490663,1.95575122997752
"3",0,0,0,0,0.176866977589725,0,1.2109817263995,0
"4",3.00160589377265,4.99523213589418,5.55631697727495,3.806314404359,0.411918211407738,1.97366121156347,0,3.23647914838466
"5",3.87028576345801,5.94686247000118,5.37470421184662,4.27345430377318,0.847627963608829,2.31313196126257,1.48770778511835,3.58534009085588
