"SPEI","CMDA","MAPA","MATA","SPEI","CMDA","MAPA","MATA"
"1",4.07466544611771,5.73306170987053,4.28356527421556,2.02653788156567,1.10788922529719,0.282222639741576,3.44987589603852,0.902615753436748
"2",0,0,0,0,0.69968725255967,0.257097364652964,2.30333623515025,0.519151057970703
"3",0.380982339174352,6.7094189590257,0.612472503155914,0.608839094421,0,1.68598882163997,0,0
"4",4.48162817453976,1.59033664818935,4.59394302577584,2.34322358402642,2.15647000065564,0.0454804337628048,2.89343960066799,2.08334548474613
"5",3.35471012383414,1.68153782367244,2.94150459266666,2.59537182767372,2.291932576401,0,0.278713269774926,2.53162281193045
